"","hhpgr","hhpgr2km","hhfwc","hcpre","hctmn","hctma","htilu2km","htpls2km"
"hhpgr",1,0.724162206013278,0.466128416518394,0.220476639080471,0.00722365770818057,-0.136203981241615,-0.00712905507026197,0.239147978651235
"hhpgr2km",0.724162206013278,1,0.49963855320171,0.241955369994701,-0.0379293554560923,-0.178676976796995,-0.037782048803031,0.33292369970746
"hhfwc",0.466128416518394,0.49963855320171,1,0.0261434258527591,-0.0817481442934395,-0.0853482878497795,-0.293565062746492,0.468047598716663
"hcpre",0.220476639080471,0.241955369994701,0.0261434258527591,1,0.656341291191069,0.48463304101122,0.107252483822112,-0.00628554048552905
"hctmn",0.00722365770818057,-0.0379293554560923,-0.0817481442934395,0.656341291191069,1,0.90917985685486,0.226565670671286,-0.153761649341554
"hctma",-0.136203981241615,-0.178676976796995,-0.0853482878497795,0.48463304101122,0.90917985685486,1,0.0788186564365846,-0.095177074706599
"htilu2km",-0.00712905507026197,-0.037782048803031,-0.293565062746492,0.107252483822112,0.226565670671286,0.0788186564365846,1,-0.725350069547286
"htpls2km",0.239147978651235,0.33292369970746,0.468047598716663,-0.00628554048552905,-0.153761649341554,-0.095177074706599,-0.725350069547286,1
